2025-11-28_15-28-27,0,draft.py:2025-11-28_15-28-27
2025-11-28_15-28-45,0,draft.py:2025-11-28_15-28-45
2025-11-28_15-31-30,0,draft.py:2025-11-28_15-31-30
2025-11-28_15-34-05,0,draft.py:2025-11-28_15-34-05
2025-11-28_15-34-05,0,draft.py:2025-11-28_15-34-05
2025-11-28_15-41-24,0,draft.py:2025-11-28_15-41-24
2025-11-28_15-49-06,0,draft.py:2025-11-28_15-49-06
2025-11-28_15-49-06,---,draft.py:2025-11-28_15-49-06
2025-11-28_16-36-55,0,draft.py:2025-11-28_16-36-55
2025-11-29_16-49-57,0,draft.py:2025-11-28_16-36-55
2025-11-29_16-52-21,0,draft.py:2025-11-29_16-52-21
2025-11-29_16-54-15,0,draft.py:2025-11-29_16-54-15
2025-11-29_16-54-29,0,draft.py:2025-11-29_16-54-15
2025-11-29_16-56-14,0,draft.py:2025-11-29_16-56-14
2025-11-29_16-56-22,0,draft.py:2025-11-29_16-56-22
2025-11-29_16-57-03,0,draft.py:2025-11-29_16-56-22
2025-11-29_17-00-58,0,draft.py:2025-11-29_17-00-58
2025-11-29_17-00-59,0,draft.py:2025-11-29_17-00-58
2025-11-29_17-01-02,0,draft.py:2025-11-29_17-00-58
2025-11-29_17-02-31,0,draft.py:2025-11-29_17-02-31
2025-11-29_17-03-30,0,draft.py:2025-11-29_17-03-30
2025-11-29_17-04-01,0,draft.py:2025-11-29_17-03-30
2025-11-29_17-08-21,0,draft.py:2025-11-29_17-08-21
2025-11-29_17-10-05,0,draft.py:2025-11-29_17-10-05
2025-11-29_17-10-16,0,draft.py:2025-11-29_17-10-16
2025-11-29_17-12-11,0,draft.py:2025-11-29_17-12-11
2025-11-29_17-12-55,0,draft.py:2025-11-29_17-12-55
2025-11-29_17-13-28,0,draft.py:2025-11-29_17-13-28
2025-11-29_17-13-29,0,draft.py:2025-11-29_17-13-28
2025-11-29_17-13-47,0,draft.py:2025-11-29_17-13-47
2025-11-29_17-13-48,0,draft.py:2025-11-29_17-13-47
2025-11-29_17-13-49,0,draft.py:2025-11-29_17-13-47
2025-11-29_17-13-49,0,draft.py:2025-11-29_17-13-47
2025-11-29_17-14-05,12,draft.py:2025-11-29_17-14-05
2025-11-29_17-14-06,12,draft.py:2025-11-29_17-14-05
2025-11-29_17-14-52,25,draft.py:2025-11-29_17-14-52
2025-11-29_17-16-55,25,draft.py:2025-11-29_17-16-55
2025-11-29_17-18-30,25,draft.py:2025-11-29_17-18-30
2025-11-29_17-18-47,37,draft.py:2025-11-29_17-18-47
2025-11-29_17-21-38,37,draft.py:2025-11-29_17-21-38
2025-11-29_17-23-24,62,draft.py:2025-11-29_17-23-24
2025-11-29_17-26-56,75,draft.py:2025-11-29_17-26-56
2025-11-29_17-29-09,75,draft.py:2025-11-29_17-29-09
2025-11-29_17-29-28,87,draft.py:2025-11-29_17-29-28
2025-11-29_17-31-06,100,draft.py:2025-11-29_17-31-06
2025-11-29_17-31-12,100,draft.py:2025-11-29_17-31-06
2025-11-29_17-31-15,100,draft.py:2025-11-29_17-31-06
2025-11-29_17-31-18,100,draft.py:2025-11-29_17-31-06
2025-11-29_17-31-24,100,draft.py:2025-11-29_17-31-06
2025-11-29_17-31-26,---,draft.py:2025-11-29_17-31-06
2025-11-29_17-33-45,100,draft.py:2025-11-29_17-33-45
2025-11-29_17-35-32,100,draft.py:2025-11-29_17-33-45
2025-11-29_17-35-34,---,draft.py:2025-11-29_17-33-45
2025-11-29_17-43-32,100,draft.py:2025-11-29_17-43-32
2025-11-29_17-48-10,0,draft.py:2025-11-29_17-48-10
2025-11-29_17-49-03,100,draft.py:2025-11-29_17-49-03
2025-11-29_17-53-25,100,draft.py:2025-11-29_17-53-25
2025-11-29_17-53-45,---,draft.py:2025-11-29_17-53-25
2025-11-29_18-07-02,100,draft.py:2025-11-29_17-53-25
2025-11-29_18-07-02,100,draft.py:2025-11-29_17-53-25
2025-11-29_18-07-08,---,draft.py:2025-11-29_17-53-25
2025-11-29_18-09-24,100,draft.py:2025-11-29_17-53-25
2025-11-29_18-09-49,---,draft.py:2025-11-29_17-53-25
2025-11-29_18-53-08,100,draft.py:2025-11-29_17-53-25
2025-11-29_18-53-12,---,draft.py:2025-11-29_17-53-25
2025-11-29_19-08-39,100,draft.py:2025-11-29_17-53-25
2025-11-29_19-08-51,---,draft.py:2025-11-29_17-53-25
2025-11-29_20-12-23,100,draft.py:2025-11-29_17-53-25
2025-11-29_20-12-29,100,draft.py:2025-11-29_17-53-25
2025-11-29_20-12-33,100,draft.py:2025-11-29_17-53-25
2025-11-29_20-12-33,---,draft.py:2025-11-29_17-53-25
2025-11-29_20-50-57,100,draft.py:2025-11-29_17-53-25
2025-11-29_20-51-27,100,draft.py:2025-11-29_17-53-25
2025-11-29_20-51-31,100,draft.py:2025-11-29_17-53-25
